"occurrence_no","record_type","reid_no","flags","collection_no","identified_name","identified_rank","identified_no","difference","accepted_name","accepted_rank","accepted_no","early_interval","late_interval","max_ma","min_ma","reference_no","phylum","class","order","family","genus","abund_value","abund_unit","lng","lat","cc","state","county","latlng_basis","latlng_precision","geogscale","geogcomments"
"196029","occ","","","20143","Mammuthus imperator","species","47877","subjective synonym of","Mammuthus columbi","species","46017","Irvingtonian","","1.8","0.3","2419","Chordata","Mammalia","Proboscidea","Elephantidae","Mammuthus","","","-98.099998","40.200001","US","Nebraska","Nuckolls","based on political unit","1","small collection",""
"196055","occ","9190","","20148","Mammuthus imperator","species","47877","subjective synonym of","Mammuthus columbi","species","46017","Irvingtonian","","1.8","0.3","2391","Chordata","Mammalia","Proboscidea","Elephantidae","Mammuthus","","","-100.900002","37.099998","US","Kansas","Seward","based on political unit","1","","1.5 mi E of Arkalon Station"
"196127","occ","","","20157","Mammuthus cf. columbi","species","47873","","Mammuthus columbi","species","46017","Irvingtonian","","1.8","0.3","3211","Chordata","Mammalia","Proboscidea","Elephantidae","Mammuthus","","","-100.500000","36.799999","US","Oklahoma","Beaver","based on political unit","1","","4.5 mi N and 1 mi W of Gate"
"196167","occ","","","20163","Mammuthus cf. imperator","species","47877","subjective synonym of","Mammuthus columbi","species","46017","Irvingtonian","","1.8","0.3","6202","Chordata","Mammalia","Proboscidea","Elephantidae","Mammuthus","","","-101.900002","35.000000","US","Texas","Randall","based on political unit","1","","Newton Harrell/Bill Howse Ranch, 8 km S and 18 km E of Canyon"
"196741","occ","9308","","20283","Mammuthus cf. hayi","species","47876","","Mammuthus hayi","species","44254","Irvingtonian","","1.8","0.3","6294","Chordata","Mammalia","Proboscidea","Elephantidae","Mammuthus","","","-102.300003","21.799999","MX","Aguascalientes","","based on nearby landmark","1","","SE of Aguascalientes"
"196938","occ","","","20295","Mammuthus columbi","species","47873","","Mammuthus columbi","species","46017","Irvingtonian","","1.8","0.3","1907","Chordata","Mammalia","Proboscidea","Elephantidae","Mammuthus","","","-100.300003","37.200001","US","Kansas","Meade","based on political unit","1","small collection",""
"197189","occ","","","20310","Mammuthus columbi","species","47873","","Mammuthus columbi","species","46017","Irvingtonian","","1.8","0.3","4222","Chordata","Mammalia","Proboscidea","Elephantidae","Mammuthus","","","-105.800003","46.400002","US","Montana","Custer","based on political unit","1","","north of Miles City"
"197259","occ","9438","","20318","Mammuthus columbi","species","47873","","Mammuthus columbi","species","46017","Irvingtonian","","1.8","0.3","6294","Chordata","Mammalia","Proboscidea","Elephantidae","Mammuthus","","","-99.800003","34.000000","US","Texas","Foard","based on political unit","1","",""
"197303","occ","","","20322","Mammuthus imperator","species","47877","subjective synonym of","Mammuthus columbi","species","46017","Blancan","","4.9","1.8","2245","Chordata","Mammalia","Proboscidea","Elephantidae","Mammuthus","","","-114.500000","31.700001","MX","Sonora","","based on nearby landmark","1","","mouth of Colorado River"
"197333","occ","","","20323","Mammuthus cf. imperator","species","47877","subjective synonym of","Mammuthus columbi","species","46017","Irvingtonian","Rancholabrean","1.8","0.012","2018","Chordata","Mammalia","Proboscidea","Elephantidae","Mammuthus","","","-117.800003","33.599998","US","California","Orange","based on political unit","1","","Ralph Clark Regional Park, Fullerton"
"197418","occ","","","20339","Mammuthus imperator","species","47877","subjective synonym of","Mammuthus columbi","species","46017","Irvingtonian","","1.8","0.3","1794","Chordata","Mammalia","Proboscidea","Elephantidae","Mammuthus","","","-106.199997","35.500000","US","New Mexico","Santa Fe","based on political unit","1","","1 mi SW of Galisteo"
"197453","occ","9478","","20342","Mammuthus hayi","species","47876","","Mammuthus hayi","species","44254","Irvingtonian","","1.8","0.3","6294","Chordata","Mammalia","Proboscidea","Elephantidae","Mammuthus","","","-99.500000","33.750000","US","Texas","Knox and Baylor","based on political unit","2","",""
"197466","occ","9486","","20343","Mammuthus hayi","species","47876","","Mammuthus hayi","species","44254","Irvingtonian","","1.8","0.3","3574","Chordata","Mammalia","Proboscidea","Elephantidae","Mammuthus","","","-115.699997","43.000000","US","Idaho","Elmore","based on political unit","1","","2 mi SE of Glenns Ferry"
"197504","occ","","","20347","Mammuthus imperator","species","47877","subjective synonym of","Mammuthus columbi","species","46017","Irvingtonian","","1.8","0.3","1916","Chordata","Mammalia","Proboscidea","Elephantidae","Mammuthus","","","-102.500000","42.700001","US","Nebraska","Sheridan","based on political unit","1","small collection",""
"197601","occ","","","20353","Mammuthus columbi","species","47873","","Mammuthus columbi","species","46017","Irvingtonian","","1.8","0.3","3099","Chordata","Mammalia","Proboscidea","Elephantidae","Mammuthus","","","-97.599998","38.299999","US","Kansas","McPherson","based on political unit","1","",""
"197706","occ","","","20373","Mammuthus columbi","species","47873","","Mammuthus columbi","species","46017","Irvingtonian","","1.8","0.3","4222","Chordata","Mammalia","Proboscidea","Elephantidae","Mammuthus","","","-110.000000","48.799999","US","Montana","Hill","based on political unit","1","","Havre"
"197723","occ","","","20375","Mammuthus imperator","species","47877","subjective synonym of","Mammuthus columbi","species","46017","Irvingtonian","","1.8","0.3","1916","Chordata","Mammalia","Proboscidea","Elephantidae","Mammuthus","","","-102.500000","42.700001","US","Nebraska","Sheridan","based on political unit","1","small collection",""
"197750","occ","9550","","20382","Mammuthus hayi","species","47876","","Mammuthus hayi","species","44254","Irvingtonian","","1.8","0.3","6294","Chordata","Mammalia","Proboscidea","Elephantidae","Mammuthus","","","-98.900002","34.400002","US","Oklahoma","Tillman","based on political unit","1","","1 mi N of Frederick"
"197846","occ","","","20386","Mammuthus columbi","species","47873","","Mammuthus columbi","species","46017","Irvingtonian","","1.8","0.3","2854","Chordata","Mammalia","Proboscidea","Elephantidae","Mammuthus","","","-117.099998","32.900002","US","California","San Diego","based on political unit","1","",""
"197862","occ","","","20387","Mammuthus columbi","species","47873","","Mammuthus columbi","species","46017","Irvingtonian","","1.8","0.3","3014","Chordata","Mammalia","Proboscidea","Elephantidae","Mammuthus","","","-122.000000","37.599998","US","California","Alameda","based on political unit","1","small collection",""
"197925","occ","","","20390","Mammuthus cf. columbi","species","47873","","Mammuthus columbi","species","46017","Irvingtonian","","1.8","0.3","1912","Chordata","Mammalia","Proboscidea","Elephantidae","Mammuthus","","","-98.099998","38.700001","US","Kansas","Ellsworth","based on political unit","1","",""
"197960","occ","9605","","20396","Mammuthus hayi","species","47876","","Mammuthus hayi","species","44254","Irvingtonian","","1.8","0.3","2299","Chordata","Mammalia","Proboscidea","Elephantidae","Mammuthus","","","-106.699997","32.000000","US","New Mexico","Dona Ana","based on political unit","1","","north of Las Cruces, Mesilla Basin"
"197967","occ","9607","","20397","Mammuthus cf. hayi","species","47876","","Mammuthus hayi","species","44254","Blancan","Irvingtonian","4.9","0.3","6294","Chordata","Mammalia","Proboscidea","Elephantidae","Mammuthus","","","-106.699997","32.000000","US","New Mexico","Dona Ana","based on political unit","1","small collection",""
"198017","occ","9623","","20400","Mammuthus hayi","species","47876","","Mammuthus hayi","species","44254","Irvingtonian","","1.8","0.3","3574","Chordata","Mammalia","Proboscidea","Elephantidae","Mammuthus","","","-82.500000","27.700001","US","Florida","Hillsborough","stated in text","minutes","","7 km SW of Ruskin"
"198075","occ","9633","","20409","Mammuthus imperator","species","47877","subjective synonym of","Mammuthus columbi","species","46017","Irvingtonian","","1.8","0.3","939","Chordata","Mammalia","Proboscidea","Elephantidae","Mammuthus","","","-117.099998","32.900002","US","California","San Diego","based on political unit","1","","Borrego Badlands<br>county assignment uncertain"
"198076","occ","9634","","20409","Mammuthus hayi","species","47876","","Mammuthus hayi","species","44254","Irvingtonian","","1.8","0.3","939","Chordata","Mammalia","Proboscidea","Elephantidae","Mammuthus","","","-117.099998","32.900002","US","California","San Diego","based on political unit","1","","Borrego Badlands<br>county assignment uncertain"
"198094","occ","","","20412","Mammuthus cf. imperator","species","47877","subjective synonym of","Mammuthus columbi","species","46017","Irvingtonian","","1.8","0.3","3083","Chordata","Mammalia","Proboscidea","Elephantidae","Mammuthus","","","-101.300003","34.500000","US","Texas","Briscoe","based on political unit","1","",""
"198141","occ","","","20418","Mammuthus columbi","species","47873","","Mammuthus columbi","species","46017","Irvingtonian","","1.8","0.3","1200","Chordata","Mammalia","Proboscidea","Elephantidae","Mammuthus","","","-110.699997","50.099998","CA","Alberta","","based on nearby landmark","1","small collection",""
"198152","occ","9647","","20420","Mammuthus columbi","species","47873","","Mammuthus columbi","species","46017","Irvingtonian","","1.8","0.3","6294","Chordata","Mammalia","Proboscidea","Elephantidae","Mammuthus","","","-99.800003","34.000000","US","Texas","Foard","based on political unit","1","",""
"198237","occ","","","20432","Mammuthus hayi","species","47876","","Mammuthus hayi","species","44254","Irvingtonian","","1.8","0.3","3574","Chordata","Mammalia","Proboscidea","Elephantidae","Mammuthus","","","-140.000000","68.199997","CA","Yukon","","based on nearby landmark","1","small collection",""
"198295","occ","","","20440","Mammuthus columbi","species","47873","","Mammuthus columbi","species","46017","Rancholabrean","","0.3","0.012","2050","Chordata","Mammalia","Proboscidea","Elephantidae","Mammuthus","","","-82.800003","27.799999","US","Florida","Pinellas","based on political unit","1","small collection","1 km NE of Safety Harbor"
"198347","occ","","","20452","Mammuthus cf. columbi","species","47873","","Mammuthus columbi","species","46017","Irvingtonian","","1.8","0.3","2725","Chordata","Mammalia","Proboscidea","Elephantidae","Mammuthus","","","-117.000000","33.900002","US","California","Riverside","based on political unit","1","small collection",""
"198367","occ","9676","","20454","Mammuthus cf. hayi","species","47876","","Mammuthus hayi","species","44254","Irvingtonian","","1.8","0.3","6294","Chordata","Mammalia","Proboscidea","Elephantidae","Mammuthus","","","-117.000000","33.900002","US","California","Riverside","based on political unit","1","small collection",""
"198449","occ","","","20475","Mammuthus hayi","species","47876","","Mammuthus hayi","species","44254","Irvingtonian","","1.8","0.3","2615","Chordata","Mammalia","Proboscidea","Elephantidae","Mammuthus","","","-81.800003","27.900000","US","Florida","Polk","based on political unit","1","",""
"198551","occ","9719","","20482","Mammuthus hayi","species","47876","","Mammuthus hayi","species","44254","Irvingtonian","","1.8","0.3","6294","Chordata","Mammalia","Proboscidea","Elephantidae","Mammuthus","","","-82.000000","26.900000","US","Florida","Charlotte","based on political unit","1","","Alligator Creek"
"198677","occ","9741","","20498","Mammuthus hayi","species","47876","","Mammuthus hayi","species","44254","Irvingtonian","","1.8","0.3","6294","Chordata","Mammalia","Proboscidea","Elephantidae","Mammuthus","","","-101.300003","34.500000","US","Texas","Briscoe","based on political unit","1","",""
"198700","occ","","","20500","Mammuthus imperator","species","47877","subjective synonym of","Mammuthus columbi","species","46017","Irvingtonian","","1.8","0.3","1916","Chordata","Mammalia","Proboscidea","Elephantidae","Mammuthus","","","-102.500000","42.700001","US","Nebraska","Sheridan","based on political unit","1","small collection",""
"198853","occ","","","20516","Mammuthus imperator","species","47877","subjective synonym of","Mammuthus columbi","species","46017","Irvingtonian","","1.8","0.3","3099","Chordata","Mammalia","Proboscidea","Elephantidae","Mammuthus","","","-97.599998","38.299999","US","Kansas","McPherson","based on political unit","1","",""
"198891","occ","9775","","20522","Mammuthus imperator ?","species","47877","subjective synonym of","Mammuthus columbi","species","46017","Irvingtonian","","1.8","0.3","939","Chordata","Mammalia","Proboscidea","Elephantidae","Mammuthus","1","specimens","-117.000000","33.900002","US","California","Riverside","based on political unit","1","",""
"198913","occ","","","20527","Mammuthus columbi","species","47873","","Mammuthus columbi","species","46017","Irvingtonian","","1.8","0.3","2018","Chordata","Mammalia","Proboscidea","Elephantidae","Mammuthus","","","-117.900002","36.099998","US","California","Inyo","based on political unit","1","small collection","W of Tecopa and Tecopa Hot Springs"
"198957","occ","9790","","20530","Mammuthus imperator","species","47877","subjective synonym of","Mammuthus columbi","species","46017","Irvingtonian","","1.8","0.3","6202","Chordata","Mammalia","Proboscidea","Elephantidae","Mammuthus","","","-101.900002","33.700001","US","Texas","Lubbock","based on political unit","1","small collection","Yellowhouse Canyon, 7.6 km NE of Slaton"
"198978","occ","","","20533","Elephas columbi","species","46017","recombined as","Mammuthus columbi","species","46017","Irvingtonian","","1.8","0.3","1302","Chordata","Mammalia","Proboscidea","Elephantidae","Mammuthus","","","-99.800003","34.000000","US","Texas","Foard","based on political unit","1","",""
"198991","occ","","","20538","Mammuthus imperator","species","47877","subjective synonym of","Mammuthus columbi","species","46017","Irvingtonian","","1.8","0.3","2392","Chordata","Mammalia","Proboscidea","Elephantidae","Mammuthus","","","-110.099998","35.799999","US","Arizona","Navajo","based on political unit","1","","0.15 km N of Taylor, W of Arizona Highway 77"
"199009","occ","","","20543","Mammuthus hayi","species","47876","","Mammuthus hayi","species","44254","Irvingtonian","","1.8","0.3","2391","Chordata","Mammalia","Proboscidea","Elephantidae","Mammuthus","","","-122.500000","37.700001","US","California","San Mateo","based on political unit","1","small collection","near San Francisco"
"199011","occ","","","20545","Mammuthus primigenius","species","47880","","Mammuthus primigenius","species","46027","Irvingtonian","","1.8","0.3","4222","Chordata","Mammalia","Proboscidea","Elephantidae","Mammuthus","","","-111.000000","47.200001","US","Montana","Cascade","based on political unit","1","","north of Fort Peck"
"199012","occ","9805","","20546","Mammuthus hayi","species","47876","","Mammuthus hayi","species","44254","Irvingtonian","","1.8","0.3","6294","Chordata","Mammalia","Proboscidea","Elephantidae","Mammuthus","","","-106.800003","35.099998","US","New Mexico","Bernalillo","based on political unit","1","small collection",""
"199016","occ","","","20549","Mammuthus imperator","species","47877","subjective synonym of","Mammuthus columbi","species","46017","Irvingtonian","","1.8","0.3","2320","Chordata","Mammalia","Proboscidea","Elephantidae","Mammuthus","","","-106.800003","35.099998","US","New Mexico","Bernalillo","based on political unit","1","small collection",""
"199165","occ","","","20563","Mammuthus hayi","species","47876","","Mammuthus hayi","species","44254","Irvingtonian","","1.8","0.3","1200","Chordata","Mammalia","Proboscidea","Elephantidae","Mammuthus","","","-107.900002","50.700001","CA","Saskatchewan","","based on nearby landmark","1","","coordinates provided by Harington 1978"
"199197","occ","","","20568","Mammuthus cf. imperator","species","47877","subjective synonym of","Mammuthus columbi","species","46017","Irvingtonian","","1.8","0.3","6202","Chordata","Mammalia","Proboscidea","Elephantidae","Mammuthus","","","-101.900002","35.000000","US","Texas","Randall","based on political unit","1","small collection","Newton Harrell/Bill Howse Ranch, 6.4 km S and 19 km E of Canyon"
"199225","occ","9846","","20569","Mammuthus columbi","species","47873","","Mammuthus columbi","species","46017","Late Pleistocene","","0.126","0.0117","6225","Chordata","Mammalia","Proboscidea","Elephantidae","Mammuthus","","","-112.900002","42.799999","US","Idaho","Power","based on political unit","1","",""
"199325","occ","","","20577","Mammuthus primigenius","species","47880","","Mammuthus primigenius","species","46027","Late Pleistocene","","0.126","0.0117","2654","Chordata","Mammalia","Proboscidea","Elephantidae","Mammuthus","","","-94.199997","56.500000","CA","Manitoba","","based on nearby landmark","1","","Limestone River, Hudson Bay Lowland"
"199352","occ","","","20581","Parelephas n. sp. floridanus","species","49985","subjective synonym of","Mammuthus columbi","species","46017","Late Pleistocene","","0.126","0.0117","3132","Chordata","Mammalia","Proboscidea","Elephantidae","Mammuthus","","","-82.500000","27.500000","US","Florida","Manatee","based on political unit","1","small collection","Bradenton"
"199361","occ","","","20585","Mammuthus cf. columbi","species","47873","","Mammuthus columbi","species","46017","Late Pleistocene","","0.126","0.0117","2018","Chordata","Mammalia","Proboscidea","Elephantidae","Mammuthus","","","-118.199997","34.000000","US","California","Los Angeles","based on political unit","1","small collection","Rolling Hills Estates"
"199396","occ","","","20590","Mammuthus columbi","species","47873","","Mammuthus columbi","species","46017","Late Pleistocene","","0.126","0.0117","1785","Chordata","Mammalia","Proboscidea","Elephantidae","Mammuthus","","","-103.900002","50.799999","CA","Saskatchewan","","based on nearby landmark","1","",""
"199408","occ","","","20591","Mammuthus columbi","species","47873","","Mammuthus columbi","species","46017","Late Pleistocene","","0.126","0.0117","1962","Chordata","Mammalia","Proboscidea","Elephantidae","Mammuthus","","","-81.066666","31.916668","US","Georgia","Chatham","estimated from map","minutes","","shown on map as being about 1 km NW of Jones Girls, so coordinate for that collection is used\n""southwestern end of Skidaway Island"""
"199514","occ","","","20603","Mammuthus cf. imperator","species","47877","subjective synonym of","Mammuthus columbi","species","46017","Late Pleistocene","","0.126","0.0117","2784","Chordata","Mammalia","Proboscidea","Elephantidae","Mammuthus","5","specimens","-95.900002","32.799999","US","Texas","Rains","based on political unit","1","","8 km SSW of Point"
"199567","occ","","","20605","Mammuthus columbi","species","47873","","Mammuthus columbi","species","46017","Late Pleistocene","","0.126","0.0117","1907","Chordata","Mammalia","Proboscidea","Elephantidae","Mammuthus","","","-100.300003","37.200001","US","Kansas","Meade","based on political unit","1","","Big Springs Ranch"
"199597","occ","","","20609","Mammuthus cf. columbi","species","47873","","Mammuthus columbi","species","46017","Late Pleistocene","","0.126","0.0117","2018","Chordata","Mammalia","Proboscidea","Elephantidae","Mammuthus","","","-122.099998","37.900002","US","California","Contra Costa","based on political unit","1","","San Pablo Bay"
"199630","occ","","","20613","Mammuthus columbi","species","47873","","Mammuthus columbi","species","46017","Late Pleistocene","","0.126","0.0117","1962","Chordata","Mammalia","Proboscidea","Elephantidae","Mammuthus","1","specimens","-81.099998","32.000000","US","Georgia","Chatham","stated in text","minutes","","no details given"
"199647","occ","","","20615","Mammuthus columbi","species","47873","","Mammuthus columbi","species","46017","Late Pleistocene","","0.126","0.0117","1200","Chordata","Mammalia","Proboscidea","Elephantidae","Mammuthus","","","-110.699997","50.099998","CA","Alberta","","based on nearby landmark","1","small collection",""
"199671","occ","","","20617","Mammuthus imperator","species","47877","subjective synonym of","Mammuthus columbi","species","46017","Late Pleistocene","","0.126","0.0117","1766","Chordata","Mammalia","Proboscidea","Elephantidae","Mammuthus","","","-105.000000","37.299999","US","Colorado","Las Animas","based on political unit","1","","Donnelly Ranch"
"199756","occ","9908","","20626","Mammuthus primigenius","species","47880","","Mammuthus primigenius","species","46027","Late Pleistocene","","0.126","0.0117","1785","Chordata","Mammalia","Proboscidea","Elephantidae","Mammuthus","","","-140.000000","68.199997","CA","Yukon","","based on nearby landmark","1","small collection","Unit 2"
"199851","occ","","","20637","Mammuthus columbi","species","47873","","Mammuthus columbi","species","46017","Late Pleistocene","","0.126","0.0117","2018","Chordata","Mammalia","Proboscidea","Elephantidae","Mammuthus","","","-122.099998","37.900002","US","California","Contra Costa","based on political unit","1","small collection","San Pablo Bay"
"199919","occ","","","20641","Mammuthus cf. columbi","species","47873","","Mammuthus columbi","species","46017","Late Pleistocene","","0.126","0.0117","2589","Chordata","Mammalia","Proboscidea","Elephantidae","Mammuthus","","","-111.199997","40.900002","US","Utah","Summit","based on political unit","1","","5 mi N of Park City"
"361735","occ","13594","","34269","Mammuthus columbi","species","47873","","Mammuthus columbi","species","46017","Late Pleistocene","","0.126","0.0117","14678","Chordata","Mammalia","Proboscidea","Elephantidae","Mammuthus","","","-80.397499","27.638332","US","Florida","Indian River","based on nearby landmark","seconds","small collection","Vero, on the Atlantic Coast, Florida."
"362969","occ","","","34382","Archidiskodon imperator","species","44255","subjective synonym of","Mammuthus columbi","species","46017","Middle Pleistocene","","0.781","0.126","9039","Chordata","Mammalia","Proboscidea","Elephantidae","Mammuthus","","","-101.186203","42.118900","US","Nebraska","Cherry","stated in text","4","small collection","within small side canyon on N side of North Branch of Middle Loup River, Sec. 18, T25N, R33W, Cherry Co., Nebraska. About 12 miles NW of Mullen, NE."
"362970","occ","","","34382","Parelephas columbi","species","49983","recombined as","Mammuthus columbi","species","46017","Middle Pleistocene","","0.781","0.126","9039","Chordata","Mammalia","Proboscidea","Elephantidae","Mammuthus","","","-101.186203","42.118900","US","Nebraska","Cherry","stated in text","4","small collection","within small side canyon on N side of North Branch of Middle Loup River, Sec. 18, T25N, R33W, Cherry Co., Nebraska. About 12 miles NW of Mullen, NE."
"458376","occ","","","45173","Elephas cf. columbi","species","46017","recombined as","Mammuthus columbi","species","46017","Pleistocene","","2.588","0.0117","11763","Chordata","Mammalia","Proboscidea","Elephantidae","Mammuthus","1","individuals","-103.333336","20.666668","MX","Jalisco","","based on nearby landmark","minutes","small collection","A skeleton of a giant mastodon was discovered some years ago in the valley of Zacualco, a score of miles south of Guadalajara. The lat long is for Guadalajara. (A search produced the town of Zacoalco, approximately 70 km south of Guadalajara, but nothing with the spelling given in the reference.)\nGeographic resolution set to small collection because there is just one skeleton (JA)."
"558981","occ","","","58089","Mammuthus cf. hayi","species","47876","","Mammuthus hayi","species","44254","Irvingtonian","","1.8","0.3","15601","Chordata","Mammalia","Proboscidea","Elephantidae","Mammuthus","","","-80.811386","27.830278","US","Florida","Brevard","estimated from map","seconds","","SW1/4 of NE1/4 of of section 34, T30S, R35E, Keanansville SE USGS 7.5 minute topographic map"
"596658","occ","","","63217","Mammuthus jeffersoni","species","157594","misspelling of, subjective synonym of","Mammuthus columbi","species","46017","Late Pleistocene","","0.126","0.0117","18195","Chordata","Mammalia","Proboscidea","Elephantidae","Mammuthus","","","-84.536667","43.763889","US","Michigan","Midland","estimated from map","seconds","","two miles east of Coleman in the extreme southwest corner of Sec. 22, T16N, R2W (Warren Twp.), Midland County."
"596682","occ","","","63218","Mammuthus jeffersoni","species","157594","misspelling of, subjective synonym of","Mammuthus columbi","species","46017","Late Pleistocene","","0.126","0.0117","18196","Chordata","Mammalia","Proboscidea","Elephantidae","Mammuthus","1","specimens","-85.326385","44.302776","US","Michigan","Ionia","estimated from map","seconds","","Sec. 18 T22N R8E"
"598149","occ","","","63386","Mammuthus jeffersoni","species","157594","misspelling of, subjective synonym of","Mammuthus columbi","species","46017","Late Pleistocene","","0.126","0.0117","18196","Chordata","Mammalia","Proboscidea","Elephantidae","Mammuthus","1","specimens","-86.310555","41.978611","US","Michigan","Berrien","estimated from map","seconds","","near Eu Claire, Berrien Township"
"598151","occ","","","63388","Mammuthus jeffersoni","species","157594","misspelling of, subjective synonym of","Mammuthus columbi","species","46017","Late Pleistocene","","0.126","0.0117","18196","Chordata","Mammalia","Proboscidea","Elephantidae","Mammuthus","1","specimens","-83.919167","42.963890","US","Michigan","Genesee","estimated from map","seconds","","near Lennon, Clayton Township"
"598166","occ","","","63389","Mammuthus jeffersoni","species","157594","misspelling of, subjective synonym of","Mammuthus columbi","species","46017","Late Pleistocene","","0.126","0.0117","18196","Chordata","Mammalia","Proboscidea","Elephantidae","Mammuthus","1","specimens","-83.068336","43.684166","US","Michigan","Huron","estimated from map","seconds","","near New Greenleaf, Sheridan Township"
"598167","occ","","","63390","Mammuthus jeffersoni","species","157594","misspelling of, subjective synonym of","Mammuthus columbi","species","46017","Late Pleistocene","","0.126","0.0117","18196","Chordata","Mammalia","Proboscidea","Elephantidae","Mammuthus","1","specimens","-84.269447","42.592777","US","Michigan","Ingham","estimated from map","seconds","","near Dansville, Ingham Township, Sec. 1, T2N, R1E"
"598178","occ","","","63391","Mammuthus jeffersoni","species","157594","misspelling of, subjective synonym of","Mammuthus columbi","species","46017","Late Pleistocene","","0.126","0.0117","18196","Chordata","Mammalia","Proboscidea","Elephantidae","Mammuthus","1","specimens","-84.121941","42.387501","US","Michigan","Jackson","estimated from map","seconds","","near Springport, Springport Township, Sec. 3, T1S, R3W"
"598179","occ","","","63392","Mammuthus jeffersoni","species","157594","misspelling of, subjective synonym of","Mammuthus columbi","species","46017","Late Pleistocene","","0.126","0.0117","18196","Chordata","Mammalia","Proboscidea","Elephantidae","Mammuthus","1","specimens","-84.186668","41.790279","US","Michigan","Lenawee","estimated from map","seconds","","Sec. 9, T8S, R2E"
"598196","occ","","","63394","Mammuthus primigenius","species","47880","","Mammuthus primigenius","species","46027","Late Pleistocene","","0.126","0.0117","18196","Chordata","Mammalia","Proboscidea","Elephantidae","Mammuthus","1","specimens","-83.703056","42.553890","US","Michigan","Livingston","estimated from map","seconds","","near South Lyon, Brighton Township, T2N, R6E"
"598729","occ","","","63483","Mammuthus jeffersoni","species","157594","misspelling of, subjective synonym of","Mammuthus columbi","species","46017","Late Pleistocene","","0.126","0.0117","18196","Chordata","Mammalia","Proboscidea","Elephantidae","Mammuthus","1","specimens","-86.310837","42.207500","US","Michigan","Berrien","estimated from map","seconds","small collection","Watervliet Township, Sec. 17, T3S, R17W"
"610356","occ","","","65405","Mammuthus cf. columbi","species","47873","","Mammuthus columbi","species","46017","Pleistocene","","2.588","0.0117","18853","Chordata","Mammalia","Proboscidea","Elephantidae","Mammuthus","","","-80.292503","32.559166","US","South Carolina","","estimated from map","seconds","",""
"649208","occ","","","70136","Mammuthus columbi","species","47873","","Mammuthus columbi","species","46017","Rancholabrean","","0.3","0.012","23553","Chordata","Mammalia","Proboscidea","Elephantidae","Mammuthus","","","-98.633331","36.116669","US","Oklahoma","Blaine","stated in text","minutes","small collection","""on the shore of Canton Lake... T19N, R13W, sec. 18... at the base of a bank, 2 m high, that was eroded to a vertical face."""""
"666292","occ","","","37788","Mammuthus columbi","species","47873","","Mammuthus columbi","species","46017","Late Pleistocene","","0.126","0.0117","24248","Chordata","Mammalia","Proboscidea","Elephantidae","Mammuthus","","","-100.666664","37.483334","US","Kansas","Meade","based on political unit","minutes","outcrop","""The specimen was taken on a tributary of Shorts Creek... known locally as Lone Tree Arroyo... located on the XI Ranch in T34S, R29W, Sec. 32"" (Rinker 1949)"
"683591","occ","","","73692","Mammuthus primigenius","species","47880","","Mammuthus primigenius","species","46027","Late Pleistocene","","0.126","0.0117","24706","Chordata","Mammalia","Proboscidea","Elephantidae","Mammuthus","1","individuals","-139.083328","69.583336","CA","Yukon","","estimated from map","minutes","","Herschel Island, southwestern part"
"689855","occ","","","74144","Mammuthus columbi","species","47873","","Mammuthus columbi","species","46017","Late Pleistocene","","0.126","0.0117","1316","Chordata","Mammalia","Proboscidea","Elephantidae","Mammuthus","1","specimens","-100.683334","36.799999","US","Oklahoma","Beaver","stated in text","minutes","small collection","""NW1/4, S22, T4N, R22E... just within the boundary of the Beaver Creek State Wildlife Management Area, on the north side of the creek [Elm Creek], and just past a large protected prairie dog town"""
"690438","occ","","","74240","Elephas primigenius","species","46027","recombined as","Mammuthus primigenius","species","46027","Pleistocene","","2.588","0.0117","24936","Chordata","Mammalia","Proboscidea","Elephantidae","Mammuthus","","","-83.133331","36.266666","US","Tennessee","Hamblen","based on nearby landmark","minutes","","coordinate based on Whitesburg"
"691167","occ","","","74471","Archidiskodon imperator","species","44255","subjective synonym of","Mammuthus columbi","species","46017","Late Pleistocene","","0.126","0.0117","24064","Chordata","Mammalia","Proboscidea","Elephantidae","Mammuthus","","","-110.166664","30.333332","MX","Sonora","","based on nearby landmark","minutes","outcrop","""one mile east of Arizpe, 60 miles southeast of Cananea, Sonora"" (coordinate based on Arizpe)"
"691266","occ","","","74478","Mammuthus columbi","species","47873","","Mammuthus columbi","species","46017","Late Pleistocene","","0.126","0.0117","24985","Chordata","Mammalia","Proboscidea","Elephantidae","Mammuthus","1","specimens","-111.250000","39.583332","US","Utah","Sanpete","stated in text","minutes","small collection","""SW1/4, NE1/4, SW1/4, Sec. 21, T14S, R6E... elevation 2,740 m, at Huntington Dam at the confluence of Spring and Lake Canyon Creeks in the upper reaches of Huntington Canyon"""
"698467","occ","","","75033","Elephas primigenius","species","46027","recombined as","Mammuthus primigenius","species","46027","Middle Pleistocene","","0.781","0.126","25309","Chordata","Mammalia","Proboscidea","Elephantidae","Mammuthus","","","-117.566666","47.483334","US","Washington","Spokane","based on nearby landmark","minutes","small collection","""a mile southwest of Cheney... on a hillside"""
"698468","occ","","","75034","Elephas primigenius","species","46027","recombined as","Mammuthus primigenius","species","46027","Late Pleistocene","","0.126","0.0117","25310","Chordata","Mammalia","Proboscidea","Elephantidae","Mammuthus","","","-87.699997","39.616669","US","Illinois","Edgar","based on nearby landmark","minutes","small collection","""about eight miles southwest of Paris"""
"698469","occ","","","75035","Elephas primigenius","species","46027","recombined as","Mammuthus primigenius","species","46027","Late Pleistocene","","0.126","0.0117","25311","Chordata","Mammalia","Proboscidea","Elephantidae","Mammuthus","","","-111.733330","40.049999","US","Utah","Utah","based on nearby landmark","minutes","small collection","""gravel pits two and one half miles east of Payson"""
"698709","occ","","","75044","Elephas boreus","species","107980","subjective synonym of","Mammuthus primigenius","species","46027","Late Pleistocene","","0.126","0.0117","25314","Chordata","Mammalia","Proboscidea","Elephantidae","Mammuthus","","","-83.616669","42.516666","US","Michigan","Oakland","based on nearby landmark","minutes","small collection","""about one and a half miles north of New Hudson"" (basis of coordinate)"
"740484","occ","","","79623","Mammuthus (Parelephas) columbi","species","119566","recombined as","Mammuthus columbi","species","46017","Late Pleistocene","","0.126","0.0117","26727","Chordata","Mammalia","Proboscidea","Elephantidae","Mammuthus","","","-109.957222","31.343889","US","Arizona","Cochise","stated in text","seconds","small collection","""in an arroyo eroded by Greenbush Creek one mile northwest of Naco... R23E, T24S, S13, NE1/4... the bones were scattered over and area of approximately 7 meters east-west by 4 meters north-south"" (coordinate based on Greenbush Draw)"
"740497","occ","","","79626","Mammuthus (Parelephas) columbi","species","119566","recombined as","Mammuthus columbi","species","46017","Late Pleistocene","","0.126","0.0117","26730","Chordata","Mammalia","Proboscidea","Elephantidae","Mammuthus","","","-107.866669","44.033333","US","Wyoming","Washakie","stated in text","minutes","small collection","""in the Bighorn Basin... a few kilometers east of the Bighorn River""; this coordinate places the locality on the Banjo Flats West or Neiber USGS topo map and therefore in Washakie County"
"768232","occ","","","82056","Elephas columbi","species","46017","recombined as","Mammuthus columbi","species","46017","Pleistocene","","2.588","0.0117","27182","Chordata","Mammalia","Proboscidea","Elephantidae","Mammuthus","","","-87.303329","32.365555","US","Alabama","Dallas","estimated from map","seconds","","near Bogue Chitto"
"788257","occ","","","85137","Elephas columbi","species","46017","recombined as","Mammuthus columbi","species","46017","Pleistocene","","2.588","0.0117","28647","Chordata","Mammalia","Proboscidea","Elephantidae","Mammuthus","","","-96.416664","30.566668","US","Texas","Brazos","based on nearby landmark","minutes","outcrop","edentates specimens are from two localities ""over a quarter mile"" apart near the Pitts Bridge ""on the Brazos County side of the [Brazos] river,"" which is ""about eight miles south and west of Bryan"" and therefore possibly the same as Jones Bridge (basis of coordinate), the only bridge now in this area"
"788258","occ","","","85137","Elephas imperator","species","46022","subjective synonym of","Mammuthus columbi","species","46017","Pleistocene","","2.588","0.0117","28647","Chordata","Mammalia","Proboscidea","Elephantidae","Mammuthus","","","-96.416664","30.566668","US","Texas","Brazos","based on nearby landmark","minutes","outcrop","edentates specimens are from two localities ""over a quarter mile"" apart near the Pitts Bridge ""on the Brazos County side of the [Brazos] river,"" which is ""about eight miles south and west of Bryan"" and therefore possibly the same as Jones Bridge (basis of coordinate), the only bridge now in this area"
"799317","occ","","","86962","Mammuthus columbi","species","47873","","Mammuthus columbi","species","46017","Neogene","","23.03","2.588","12164","Chordata","Mammalia","Proboscidea","Elephantidae","Mammuthus","","","-86.516640","11.786440","NI","","","estimated from map","5","","base of a sea cliff"
"799318","occ","","","86963","Mammuthus columbi","species","47873","","Mammuthus columbi","species","46017","Pleistocene","","2.588","0.0117","12164","Chordata","Mammalia","Proboscidea","Elephantidae","Mammuthus","","","-85.902992","11.456660","NI","","","estimated from map","5","outcrop",""
"829677","occ","","","91527","Mammuthus columbi","species","47873","","Mammuthus columbi","species","46017","Late Pleistocene","","0.126","0.0117","30838","Chordata","Mammalia","Proboscidea","Elephantidae","Mammuthus","","","-100.333336","36.983334","US","Oklahoma","Beaver","stated in text","minutes","small collection","""on the XI Ranch... in sec. 15, T.6 N., R. 25 E."" (Lunk 1952)"
"833490","occ","","","92494","Mammuthus columbi","species","47873","","Mammuthus columbi","species","46017","Pleistocene","","2.588","0.0117","31181","Chordata","Mammalia","Proboscidea","Elephantidae","Mammuthus","","","-91.583336","34.783333","US","Arkansas","Prairie","based on nearby landmark","minutes","small collection","""Interstate Highway 40/State Highway 11 overpass about 2 mi northeast of Hazen"" (coordinate based on Hazen)\nthe ""remains were scattered over an area of at least 150 m2"""
"837685","occ","","","92951","Mammuthus exilis","species","47874","","Mammuthus exilis","species","46019","Late Pleistocene","","0.126","0.0117","31401","Chordata","Mammalia","Proboscidea","Elephantidae","Mammuthus","1","specimens","-120.046669","34.034168","US","California","","estimated from map","seconds","","Santa Rosa Island"
"837738","occ","","","92955","Mammuthus primigenius","species","47880","","Mammuthus primigenius","species","46027","Holocene","","0.0117","0","31408","Chordata","Mammalia","Proboscidea","Elephantidae","Mammuthus","","","-170.344727","57.177502","US","Alaska","St. Paul Island","estimated from map","seconds","","The cave is said to be in the ""central highlands"" of the island. Coordinates are approximate."
"838780","occ","","","93103","Elephas columbi","species","46017","recombined as","Mammuthus columbi","species","46017","Late Pleistocene","","0.126","0.0117","3185","Chordata","Mammalia","Proboscidea","Elephantidae","Mammuthus","","","-96.707497","32.714722","US","Texas","Dallas","estimated from map","seconds","outcrop",""
"840124","occ","","","93182","Mammuthus columbi","species","47873","","Mammuthus columbi","species","46017","Late Pleistocene","","0.126","0.0117","31487","Chordata","Mammalia","Proboscidea","Elephantidae","Mammuthus","","","-112.583336","44.633331","US","Montana","Beaverhead","based on nearby landmark","minutes","small collection","coordinate based on Lima"
"841165","occ","","","93246","Parelephas columbi","species","49983","recombined as","Mammuthus columbi","species","46017","Late Pleistocene","","0.126","0.0117","31522","Chordata","Mammalia","Proboscidea","Elephantidae","Mammuthus","","","-103.199997","32.116669","US","New Mexico","Lea","based on nearby landmark","minutes","small collection","""south of Jal"" (basis of coordinate)"
"841223","occ","","","93251","Elephas columbi ?","species","46017","recombined as","Mammuthus columbi","species","46017","Late Pleistocene","","0.126","0.0117","31525","Chordata","Mammalia","Proboscidea","Elephantidae","Mammuthus","","","-120.500000","43.333332","US","Oregon","Lake","stated in text","minutes","outcrop","""in south-central Oregon in longitude 120ยบ 30' West and latitude of 43ยบ 20' North"" (consistent with GNIS data)"
"841369","occ","","","93275","Mammuthus columbi","species","47873","","Mammuthus columbi","species","46017","Late Pleistocene","","0.126","0.0117","31540","Chordata","Mammalia","Proboscidea","Elephantidae","Mammuthus","","","-110.116669","31.416668","US","Arizona","Cochise","stated in text","minutes","small collection","""T23S, R22E, Sec. 21, n1/2 nw1/4 nw1/4 nw1/4... 0.4 miles west of the present channel of the San Pedro River, on a small tributary entrenched by arroyo cutting... the area... was about 11 m. back into the bank and 17 m. along the face"""
"841751","occ","","","93333","Mammuthus columbi","species","47873","","Mammuthus columbi","species","46017","Late Pleistocene","","0.126","0.0117","31579","Chordata","Mammalia","Proboscidea","Elephantidae","Mammuthus","","","-103.466667","43.433334","US","South Dakota","Fall River","based on nearby landmark","minutes","outcrop","within the town of Hot Springs (basis of coordinate)"
"841774","occ","","","93339","Mammuthus primigenius","species","47880","","Mammuthus primigenius","species","46027","Late Pleistocene","","0.126","0.0117","31581","Chordata","Mammalia","Proboscidea","Elephantidae","Mammuthus","","","-151.000000","65.349998","US","Alaska","","based on nearby landmark","minutes","small collection","""along the Porcupine River in northeastern Alaska... in the Lower Rampart region"" apparently close to ""Rampart canyon... 25 m above a scoured late-Pleistocene coulee, and ca. 45 m above the base level of the Porcupine River"" (coordinate based on Rampart Gorge)"
"842403","occ","","","93502","Elephas columbi","species","46017","recombined as","Mammuthus columbi","species","46017","Pleistocene","","2.588","0.0117","31642","Chordata","Mammalia","Proboscidea","Elephantidae","Mammuthus","1","specimens","-93.988052","43.559444","US","Minnesota","Faribault","estimated from map","seconds","","abutment of a bridge over a new dredge ditch that drains the area south of Blue Earth River, 8 miles SE of Blue Earth, 4 miles west of Frost"
"842404","occ","","","93504","Elephas columbi","species","46017","recombined as","Mammuthus columbi","species","46017","Pleistocene","","2.588","0.0117","31642","Chordata","Mammalia","Proboscidea","Elephantidae","Mammuthus","1","specimens","-93.206390","43.758888","US","Minnesota","Freeborn","estimated from map","seconds","","coordinates are for Hollandale"
"842405","occ","","","93505","Elephas columbi","species","46017","recombined as","Mammuthus columbi","species","46017","Pleistocene","","2.588","0.0117","31642","Chordata","Mammalia","Proboscidea","Elephantidae","Mammuthus","1","specimens","-92.985558","44.272221","US","Minnesota","Goodhue","estimated from map","seconds","",""
"842406","occ","","","93506","Elephas columbi","species","46017","recombined as","Mammuthus columbi","species","46017","Pleistocene","","2.588","0.0117","31642","Chordata","Mammalia","Proboscidea","Elephantidae","Mammuthus","1","specimens","-92.536942","44.566113","US","Minnesota","Goodhue","estimated from map","seconds","",""
"842421","occ","","","93508","Elephas columbi","species","46017","recombined as","Mammuthus columbi","species","46017","Pleistocene","","2.588","0.0117","31642","Chordata","Mammalia","Proboscidea","Elephantidae","Mammuthus","1","specimens","-94.194443","46.357224","US","Minnesota","Crow Wing","estimated from map","seconds","",""
"842422","occ","","","93509","Elephas columbi","species","46017","recombined as","Mammuthus columbi","species","46017","Pleistocene","","2.588","0.0117","31642","Chordata","Mammalia","Proboscidea","Elephantidae","Mammuthus","1","specimens","-93.321114","44.960278","US","Minnesota","Hennepin","estimated from map","seconds","",""
"842423","occ","","","93510","Elephas columbi","species","46017","recombined as","Mammuthus columbi","species","46017","Pleistocene","","2.588","0.0117","31642","Chordata","Mammalia","Proboscidea","Elephantidae","Mammuthus","1","specimens","-92.853333","44.726944","US","Minnesota","Dakota","estimated from map","seconds","",""
"842424","occ","","","93511","Elephas columbi","species","46017","recombined as","Mammuthus columbi","species","46017","Pleistocene","","2.588","0.0117","31642","Chordata","Mammalia","Proboscidea","Elephantidae","Mammuthus","1","specimens","-93.926666","43.586388","US","Minnesota","Faribault","based on political unit","seconds","",""
"842425","occ","","","93512","Elephas columbi","species","46017","recombined as","Mammuthus columbi","species","46017","Pleistocene","","2.588","0.0117","31642","Chordata","Mammalia","Proboscidea","Elephantidae","Mammuthus","1","specimens","-93.093613","44.943611","US","Minnesota","Ramsey","based on political unit","seconds","",""
"842426","occ","","","93513","Elephas columbi","species","46017","recombined as","Mammuthus columbi","species","46017","Pleistocene","","2.588","0.0117","31642","Chordata","Mammalia","Proboscidea","Elephantidae","Mammuthus","1","specimens","-93.362503","43.648609","US","Minnesota","Freeborn","based on political unit","seconds","",""
"842427","occ","","","93514","Elephas columbi","species","46017","recombined as","Mammuthus columbi","species","46017","Pleistocene","","2.588","0.0117","31642","Chordata","Mammalia","Proboscidea","Elephantidae","Mammuthus","1","specimens","-95.948059","44.318890","US","Minnesota","Lyon","based on political unit","seconds","",""
"842428","occ","","","93515","Elephas columbi","species","46017","recombined as","Mammuthus columbi","species","46017","Pleistocene","","2.588","0.0117","31642","Chordata","Mammalia","Proboscidea","Elephantidae","Mammuthus","1","specimens","-93.143608","44.640278","US","Minnesota","Dakota","estimated from map","seconds","",""
"842840","occ","","","93555","Mammuthus primigenius","species","47880","","Mammuthus primigenius","species","46027","Late Pleistocene","","0.126","0.0117","31685","Chordata","Mammalia","Proboscidea","Elephantidae","Mammuthus","","","-141.876663","64.053329","US","Alaska","","stated in text","seconds","small collection","""near Mile 69 on the Taylor Highway (64ยบ03.2'N, 141ยบ52.6'W)... a sluice pond [is] directly upstream from the excavated area from which the fossils reported here were collected"""
"842869","occ","","","93557","Elephas columbi","species","46017","recombined as","Mammuthus columbi","species","46017","Pleistocene","","2.588","0.0117","31687","Chordata","Mammalia","Proboscidea","Elephantidae","Mammuthus","","","-97.900002","36.116669","US","Oklahoma","Kingfisher","based on nearby landmark","minutes","small collection",":""eight miles west"" of Hennessey (Cope 1894: coordinate based on Hennessey)"
"843028","occ","","","93599","Mammuthus (Parelephas) columbi","species","119566","recombined as","Mammuthus columbi","species","46017","Late Pleistocene","","0.126","0.0117","31714","Chordata","Mammalia","Proboscidea","Elephantidae","Mammuthus","","","-110.166664","31.549999","US","Arizona","Cochise","stated in text","minutes","small collection","""northwest quarter of Section 1, T. 22 S., R. 21 E... on the north bank of Horsethief Draw... An area of 124 square meters was opened up"""
"843198","occ","","","93639","Mammuthus (Archidiskodon) imperator","species","119568","subjective synonym of","Mammuthus columbi","species","46017","Late Pleistocene","","0.126","0.0117","24034","Chordata","Mammalia","Proboscidea","Elephantidae","Mammuthus","","","-99.699997","19.566668","MX","Mexico","","based on nearby landmark","minutes","small collection","""about 2 kilometers southwest of Tepexpan and west northwest of the village of Santa Isabel Iztapan"" (coordinate based on Tepexpan)"
"849601","occ","","","94425","Elephas primigenius","species","46027","recombined as","Mammuthus primigenius","species","46027","Late Pleistocene","","0.126","0.0117","32106","Chordata","Mammalia","Proboscidea","Elephantidae","Mammuthus","","","-118.200836","33.733334","US","California","Los Angeles","based on nearby landmark","minutes","local area","Banks of San Pedro Bay in Long Beach California"
"850787","occ","","","94578","Elephas primigenius","species","46027","recombined as","Mammuthus primigenius","species","46027","Pleistocene","","2.588","0.0117","32187","Chordata","Mammalia","Proboscidea","Elephantidae","Mammuthus","","","-92.726387","41.741390","US","Iowa","Poweshiek","based on nearby landmark","seconds","small collection","Remains found within a half mile of Main St. and Fourth Ave.  20ft. below the surface."
"874102","occ","","","96899","Elephas columbi","species","46017","recombined as","Mammuthus columbi","species","46017","Pleistocene","","2.588","0.0117","33085","Chordata","Mammalia","Proboscidea","Elephantidae","Mammuthus","","","-81.503891","31.221111","US","Georgia","Glynn","estimated from map","seconds","",""
"914544","occ","","","103794","Mammuthus primigenius","species","47880","","Mammuthus primigenius","species","46027","Late Pleistocene","","0.126","0.0117","34994","Chordata","Mammalia","Proboscidea","Elephantidae","Mammuthus","1","specimens","-78.675552","38.594723","US","Virginia","Rockingham","estimated from map","seconds","",""
"915383","occ","","","104046","Elephas columbi","species","46017","recombined as","Mammuthus columbi","species","46017","Late Pleistocene","","0.126","0.0117","15425","Chordata","Mammalia","Proboscidea","Elephantidae","Mammuthus","","","-81.003334","29.207500","US","Florida","Volusia","estimated from map","seconds","","20 miles south of St. Augustine"
"919551","occ","","","103358","Mammuthus primigenius","species","47880","","Mammuthus primigenius","species","46027","Late Pleistocene","","0.126","0.0117","25320","Chordata","Mammalia","Proboscidea","Elephantidae","Mammuthus","","","-81.769165","36.957500","US","Virginia","Smyth","stated in text","seconds","local area",""
"935460","occ","","","73726","Mammuthus primigenius","species","47880","","Mammuthus primigenius","species","46027","Late Pleistocene","","0.126","0.0117","35838","Chordata","Mammalia","Proboscidea","Elephantidae","Mammuthus","","","-128.169449","70.583336","CA","Northwest Territories","","estimated from map","minutes","",""
"939627","occ","","","20632","Parelephas (Elephas) columbi","species","49983","recombined as","Mammuthus columbi","species","46017","Late Pleistocene","","0.126","0.0117","35981","Chordata","Mammalia","Proboscidea","Elephantidae","Mammuthus","1","specimens","-122.500000","53.000000","CA","British Columbia","","based on nearby landmark","1","","Bullion Mine, Cariboo District"
"939628","occ","","","108781","Parelephas (Elephas) aff. columbi","species","49983","recombined as","Mammuthus columbi","species","46017","Pleistocene","","2.588","0.0117","35981","Chordata","Mammalia","Proboscidea","Elephantidae","Mammuthus","1","specimens","-119.629723","50.846111","CA","British Columbia","","estimated from map","seconds","","Between Squilax and Chum Lake, on the east side of Chum Creek"
"939629","occ","","","108782","Parelephas (Elephas) columbi","species","49983","recombined as","Mammuthus columbi","species","46017","Pleistocene","","2.588","0.0117","35981","Chordata","Mammalia","Proboscidea","Elephantidae","Mammuthus","1","specimens","-123.347221","48.601665","CA","British Columbia","","estimated from map","seconds","","cliff on James Island"
"939630","occ","","","108783","Parelephas (Elephas) columbi","species","49983","recombined as","Mammuthus columbi","species","46017","Pleistocene","","2.588","0.0117","35981","Chordata","Mammalia","Proboscidea","Elephantidae","Mammuthus","1","specimens","-123.294724","48.458611","CA","British Columbia","","estimated from map","seconds","",""
"939632","occ","","","108784","Parelephas (Elephas) columbi","species","49983","recombined as","Mammuthus columbi","species","46017","Pleistocene","","2.588","0.0117","35981","Chordata","Mammalia","Proboscidea","Elephantidae","Mammuthus","1","specimens","-123.291115","48.472778","CA","British Columbia","","estimated from map","seconds","",""
"939635","occ","","","108785","Parelephas (Elephas) columbi","species","49983","recombined as","Mammuthus columbi","species","46017","Pleistocene","","2.588","0.0117","35981","Chordata","Mammalia","Proboscidea","Elephantidae","Mammuthus","1","specimens","-123.326111","48.456669","CA","British Columbia","","estimated from map","seconds","",""
"939636","occ","","","108786","Parelephas (Elephas) columbi","species","49983","recombined as","Mammuthus columbi","species","46017","Pleistocene","","2.588","0.0117","35981","Chordata","Mammalia","Proboscidea","Elephantidae","Mammuthus","1","specimens","-119.258614","50.946388","CA","British Columbia","","estimated from map","seconds","",""
"939638","occ","","","108787","Parelephas (Elephas) columbi","species","49983","recombined as","Mammuthus columbi","species","46017","Pleistocene","","2.588","0.0117","35981","Chordata","Mammalia","Proboscidea","Elephantidae","Mammuthus","1","specimens","-122.760559","48.116943","US","Washington","Jefferson","estimated from map","seconds","",""
"939642","occ","","","20632","Mammonteus (Elephas) primigenius","species","47863","recombined as","Mammuthus primigenius","species","46027","Late Pleistocene","","0.126","0.0117","35981","Chordata","Mammalia","Proboscidea","Elephantidae","Mammuthus","1","specimens","-122.500000","53.000000","CA","British Columbia","","based on nearby landmark","1","","Bullion Mine, Cariboo District"
"939647","occ","","","108789","Mammonteus (Elephas) primigenius","species","47863","recombined as","Mammuthus primigenius","species","46027","Pleistocene","","2.588","0.0117","35981","Chordata","Mammalia","Proboscidea","Elephantidae","Mammuthus","2","specimens","-147.716385","64.837776","US","Alaska","","estimated from map","seconds","",""
"939648","occ","","","108790","Mammonteus (Elephas) primigenius","species","47863","recombined as","Mammuthus primigenius","species","46027","Pleistocene","","2.588","0.0117","35981","Chordata","Mammalia","Proboscidea","Elephantidae","Mammuthus","2","specimens","-139.425003","64.052780","CA","Yukon","","estimated from map","seconds","",""
"939650","occ","","","108782","Archidiskodon (Elephas) imperator","species","44255","subjective synonym of","Mammuthus columbi","species","46017","Pleistocene","","2.588","0.0117","35981","Chordata","Mammalia","Proboscidea","Elephantidae","Mammuthus","1","specimens","-123.347221","48.601665","CA","British Columbia","","estimated from map","seconds","","cliff on James Island"
"941872","occ","","","109026","Mammuthus cf. columbi","species","47873","","Mammuthus columbi","species","46017","Late Pleistocene","","0.126","0.0117","36062","Chordata","Mammalia","Proboscidea","Elephantidae","Mammuthus","","","-113.633331","37.683334","US","Utah","Iron","stated in text","minutes","small collection","""section 3, T.36 S., R.16W.... two miles southeast of Beryl Junction in a gravel pit owned by Robert Holt"""
"942738","occ","","","103358","Mammuthus columbi","species","47873","","Mammuthus columbi","species","46017","Late Pleistocene","","0.126","0.0117","35550","Chordata","Mammalia","Proboscidea","Elephantidae","Mammuthus","","","-81.769165","36.957500","US","Virginia","Smyth","stated in text","seconds","local area",""
"1032617","occ","","","126446","Elephas primigenius","species","46027","recombined as","Mammuthus primigenius","species","46027","Pleistocene","","2.588","0.0117","41023","Chordata","Mammalia","Proboscidea","Elephantidae","Mammuthus","","","-75.166664","39.950001","US","Pennsylvania","Philadelphia","based on nearby landmark","minutes","small collection","""on a golf course near Philadelphia"" (basis of coordinate)"
"1034050","occ","","","126660","Elephas columbi","species","46017","recombined as","Mammuthus columbi","species","46017","Pleistocene","","2.588","0.0117","41113","Chordata","Mammalia","Proboscidea","Elephantidae","Mammuthus","","","-77.585556","39.644169","US","Maryland","Washington","","seconds","",""
"1038002","occ","","","127111","Elephas columbi","species","46017","recombined as","Mammuthus columbi","species","46017","Pleistocene","","2.588","0.0117","41304","Chordata","Mammalia","Proboscidea","Elephantidae","Mammuthus","","","-76.138885","38.681946","US","Maryland","Talbot","estimated from map","seconds","",""
"1038003","occ","","","127111","Elephas primigenius","species","46027","recombined as","Mammuthus primigenius","species","46027","Pleistocene","","2.588","0.0117","41304","Chordata","Mammalia","Proboscidea","Elephantidae","Mammuthus","","","-76.138885","38.681946","US","Maryland","Talbot","estimated from map","seconds","",""
"1196168","occ","","","154722","Mammuthus columbi","species","47873","","Mammuthus columbi","species","46017","Late Pleistocene","","0.126","0.0117","50316","Chordata","Mammalia","Proboscidea","Elephantidae","Mammuthus","","","-80.400002","25.700001","US","Florida","Dade","unpublished field data","1","small collection","Perrine 7.5' Quadrangle, NE1/4 of NW1/4 of section 35, T.55S., R.40E."
"1196557","occ","","","74292","Mammuthus columbi","species","47873","","Mammuthus columbi","species","46017","Late Pleistocene","","0.126","0.0117","50339","Chordata","Mammalia","Proboscidea","Elephantidae","Mammuthus","","","-80.599998","28.083332","US","Florida","Brevard","based on nearby landmark","minutes","small collection","""on property owned by"" Singleton ""at Melbourne"" (basis of coordinate)"
"1196558","occ","","","74292","cf. Mammuthus imperator","species","47877","subjective synonym of","Mammuthus columbi","species","46017","Late Pleistocene","","0.126","0.0117","50339","Chordata","Mammalia","Proboscidea","Elephantidae","Mammuthus","","","-80.599998","28.083332","US","Florida","Brevard","based on nearby landmark","minutes","small collection","""on property owned by"" Singleton ""at Melbourne"" (basis of coordinate)"
"1196583","occ","","","154773","Parelephas cf. columbi","species","49983","recombined as","Mammuthus columbi","species","46017","Late Pleistocene","","0.126","0.0117","3131","Chordata","Mammalia","Proboscidea","Elephantidae","Mammuthus","","","-82.788002","29.950001","US","Florida","Columbia","estimated from map","2","","T.6S., R.15E. in Hildreth 7.5' Quadrangle"
"1196906","occ","","","154804","Mammuthus columbi","species","47873","","Mammuthus columbi","species","46017","Late Pleistocene","","0.126","0.0117","50371","Chordata","Mammalia","Proboscidea","Elephantidae","Mammuthus","","","-81.900002","27.170000","US","Florida","De Soto","unpublished field data","2","small collection","Nocatee Quadrangle, T.38S., R.24E., NW1/4 of SE1/4 of Section 15; about 1 mile northwest of Nocatee; Note that in Hulbert et al. (2009) the locality is mistakenly stated to be in section 21, and its name is incorrectly given as Peace River 5A"
"1197872","occ","","","154921","Mammuthus imperator","species","47877","subjective synonym of","Mammuthus columbi","species","46017","Late Pleistocene","","0.126","0.0117","50430","Chordata","Mammalia","Proboscidea","Elephantidae","Mammuthus","","","-80.166664","26.700001","US","Florida","Palm Beach","stated in text","minutes","",""
"1201165","occ","","","155393","Elephas primigenius","species","46027","recombined as","Mammuthus primigenius","species","46027","Late Pleistocene","","0.126","0.0117","50711","Chordata","Mammalia","Proboscidea","Elephantidae","Mammuthus","","","-122.281998","40.784000","US","California","Shasta","estimated from map","3","small collection","Section 23, T. 34 N., R. 4 W., O'Brien 7.5' Quadrange.  North of Potter Creek"
"1208222","occ","","","156789","Elephas columbi","species","46017","recombined as","Mammuthus columbi","species","46017","Pleistocene","","2.588","0.0117","51404","Chordata","Mammalia","Proboscidea","Elephantidae","Mammuthus","","","-97.427498","28.126944","US","Texas","San Patricio","estimated from map","seconds","","The locality is described as being about 1 mile north of the bridge on which the St. Louis & Brownsville Railroad crosses the Aransas. It is also about 20 miles southwest of Refugio. Nearer is a town named Sinton, and for convenience the collection will be spoken of as from Sinton."
"1243012","occ","","","163820","Elephas primigenius","species","46027","recombined as","Mammuthus primigenius","species","46027","Late Pliocene","","3.6","2.588","53461","Chordata","Mammalia","Proboscidea","Elephantidae","Mammuthus","","","-99.140083","19.910633","MX","Mรฉxico","","based on nearby landmark","6","outcrop","Tequixquiac, N edge of Valley of Mรฉxico, N of the city of Mรฉxico and town of Zimpango (Zumpango), E of Nochistongo forgo"
"1276231","occ","","","169385","Mammuthus primigenius","species","47880","","Mammuthus primigenius","species","46027","Late Pleistocene","","0.126","0.0117","55350","Chordata","Mammalia","Proboscidea","Elephantidae","Mammuthus","","","-162.130005","66.654999","US","Alaska","","estimated from map","3","outcrop","Coastal bluffs of the Baldwin Peninsula, 35 km southeast of Kotzebue and about 10 km north of the Arctic Circle."
"1315766","occ","","","176608","Mammuthus primigenius","species","47880","","Mammuthus primigenius","species","46027","Late Pleistocene","","0.126","0.0117","58186","Chordata","Mammalia","Proboscidea","Elephantidae","Mammuthus","1","specimens","-88.030281","42.505280","US","Wisconsin","Kenosha","estimated from map","seconds","",""
"1315767","occ","","","176609","Mammuthus primigenius","species","47880","","Mammuthus primigenius","species","46027","Late Pleistocene","","0.126","0.0117","58186","Chordata","Mammalia","Proboscidea","Elephantidae","Mammuthus","1","specimens","-88.030281","42.505280","US","Wisconsin","Kenosha","estimated from map","seconds","",""
"1315768","occ","","","176610","Mammuthus primigenius","species","47880","","Mammuthus primigenius","species","46027","Late Pleistocene","","0.126","0.0117","58186","Chordata","Mammalia","Proboscidea","Elephantidae","Mammuthus","1","specimens","-88.030281","42.505280","US","Wisconsin","Kenosha","estimated from map","seconds","",""
"1315784","occ","","","176611","Mammuthus primigenius","species","47880","","Mammuthus primigenius","species","46027","Late Pleistocene","","0.126","0.0117","58186","Chordata","Mammalia","Proboscidea","Elephantidae","Mammuthus","1","specimens","-88.030281","42.505280","US","Wisconsin","Kenosha","estimated from map","seconds","",""
"1317107","occ","","","84901","Mammuthus exilis","species","47874","","Mammuthus exilis","species","46019","Rancholabrean","","0.3","0.012","58344","Chordata","Mammalia","Proboscidea","Elephantidae","Mammuthus","","","-120.193054","34.005554","US","California","Santa Barbara","estimated from map","seconds","","Santa Rosa Island, NW coast, 300-500 yards inland and about 20 yards back from the edge of the Garanon wave-cut platform"
"1353013","occ","","","183454","Mammuthus columbi","species","47873","","Mammuthus columbi","species","46017","Pleistocene","","2.588","0.0117","61266","Chordata","Mammalia","Proboscidea","Elephantidae","Mammuthus","1","individuals","-121.937225","37.383610","US","California","Santa Clara","unpublished field data","seconds","small collection","""bottom of the Guadalupe River just downstream from the San Jose International Airport and the West Trimble Road overpass, on land managed by the Santa Clara Valley Water District\r\n(SCVWD)"""
"1353033","occ","","","183460","Mammuthus columbi","species","47873","","Mammuthus columbi","species","46017","Rancholabrean","","0.3","0.012","61266","Chordata","Mammalia","Proboscidea","Elephantidae","Mammuthus","","","-122.013885","37.421112","US","California","Santa Clara","estimated from map","seconds","small collection",""
